drama_name,section_title,character_name,actor_name,content
폭싹 속았수다,애순 & 관식 가족 - 오애순,오애순,"청년: 아이유 / 중년, 노년: 문소리; 아역: 최여원 → 김태연 → 윤서연","출생: 1951년 5월 16일; 가족: 할머니 김춘옥, 아버지 오한규, 어머니 전광례, 배우자 양관식, 자녀: 양금명, 양은명, 양동명, 사위 박충섭, 손녀 박새봄(2001년 8월 23일생), 며느리 부현숙, 손자 양제일(1996년 7월 15일생), 손녀 양영원(2000~2001년생); 학력: 도동여자고등학교(퇴학), 검정고시 합격; 여러모로 야무져야 하는 상황이었지만 반항할 때마다 목소리는 염소처럼 떨리는 간 작은 문학소녀이기도 하다. 조금 덜 가졌지만 그늘지지 않은 아이 이고, 햇빛 한 줄 안 내주는 야박한 담벼락 그늘 밑에서도 기필코 해를 향해 고개를 반짝 치들고 있는 풀꽃처럼 요망진 인물이다. 학교조차 다니지 못할 상황에서도 시인을 꿈꾸는, 울 때도 숨김없고 웃을 땐 온 바다에 울리게 웃는 당차고 야무진 캐릭터다.
당시 시대적 상황에 맞지 않는 당찬 성격을 지닌 건 물론 두뇌도 비상해서 고등학교 재학 시절 내내 100점만 받을 정도다. 그러나 현실의 벽에 가로막혀 부모님을 여의고 자식도 잃는 등, 많은 비극을 겪기도 한다. 하지만 재능을 꽃피우지 못한 것에 대한 보상인지 인복이 터졌다고 할 정도로 도동리 주민들과 친했고 더 없이 다정하고 사랑꾼인 남편 관식과 사이도 엄청 좋다.
늘그막에 딸 금명의 도움으로 잡지[8]에 자신의 시를 실었고, 이후 16화 마지막에 시집을 냈다. 시집의 이름은 드라마 제목과 동일한 '폭싹 속았수다'. 이때에도 나이대에 비해 정정한 모습을 보여주고, 요양원 어르신들에게도 선생님이라고 불리며 그동안의 고생에 대한 보답을 받은 것처럼 보인다. 잘 키운 딸 덕분에 딸의 유학을 위해 팔았던 어머니와의 추억이 깃든 집을 깨끗하게 리모델링하여 살고 있다.
자신과 관식에 이어 아들 은명과 며느리 현숙의 속도위반으로 인해 46살이라는 젊은 나이에 할머니가 되었다.
사면이 바다인 제주도에서 평생을 살고 있지만, 정작 본인은 바다에 대해 좋지 않은 기억 뿐이다. 어머니는 잠녀 일로 인한 숨병으로 세상을 떠났고, 시댁에서도 금명을 어떻게든 잠녀로 만드려는 것을 극구 거부했으며 남편인 관식은 오징어 잡이로 인해 장애를 얻었다. 동명은 바닷가에서 숨을 거두어 떠나보냈을 정도. 이 때문에 은명이 원양어선을 탔을 때는 바닷일은 안된다며 통곡을 하였다.
그래도 인생 말년에는 암 투병으로 고통스러워하며 고생하다 세상을 떠난 남편 관식과 달리 딸 금명과 아들 은명의 사업 성공하고 노인 요양원 도우미로 일하며 편하게 노년보내다가 생을 마감했을 것이라는 게 암시된다."
폭싹 속았수다,애순 & 관식 가족 - 양관식,양관식,청년: 박보검 / 중년: 박해준; 아역: 이천무 → 문우진,"출생: 1950년; 본관: 제주 양씨; 가족: 할머니 박막천, 아버지 양삼보, 어머니 권계옥, 여동생 양경옥, 배우자 오애순, 자녀: 양금명, 양은명, 양동명, 사위 박충섭, 손녀 박새봄(2001년 8월 23일생), 며느리 부현숙, 손자 양제일(1996년 7월 15일생), 손녀 양영원(2000~2001년생); 도동고등학교 졸업, 수영 선수 경력 등 '무쇠 같은' 든든한 인물. 날마다 부지런하고 성실한 인물로, 지극한 성실함이 얼마나 위대한 무기인지 아는 ‘영특한 무쇠’다. 애순이를 워낙 사랑해서인지 애순이가 웃어도 고장 나고, 울어도 고장 난다. 그래도 충심 역시 무쇠라 처음부터 간도 안 보고 오로지 애순이만 사랑하고 존중하는 묵언의 전사다. 두뇌가 좋고 성적이 우수하다는 묘사가 있는 오애순과 달리 전형적인 몸을 잘 쓰고 두뇌는 좋은 편은 아니다. 심히 가부장적이었던 당시의 한국의 정서 때문에 뻔하게 흘러갈 수 있었던 애순의 삶 속 일생일대 기로마다 핸들을 틀고, 사이드 브레이크 당기고, 때론 액셀을 밟아버린다. 그래서 작중 최고의 순애남이자 한국 드라마 역사상 최고의 순애보 캐릭터라는 평가가 많다. 이런 면모 덕분에 많은 여성들에게 최고의 남편이라고 많은 사랑을 받고 있다.
아들이 친구 박철용에게 사기를 당해 누명을 쓰고 빚까지 져 유치장에 갇혔을 때 돈을 마련하려고 배를 팔고, 가게명을 금은동이네로 지은 첫 장사가 잘 안 되는 등 힘든 시련이 있었으나 이왕 매입한 가게를 어떻게든 일으키고자 지역 밀착형 서비스와 10분 내 신속배달을 강점으로 사업 콘셉트를 잡았고, 덕분에 배달 수요가 폭증하던 2002 한일 월드컵 시기에 오징어회 배달로 대박을 쳤으며[19] 제주 로케 드라마 올인의 출연자 이병헌이 왔다 간 식당으로 일본인 관광객들 사이에서도 유명해지고 유명 배우 정미인이 다녀온 맛집으로 유명해져 사업에 성공했다. 겹경사로 아들 은명에게 누명 씌운 박철용도 잡혔고, 딸 금명의 인강 사업도 잘 되는 등 일이 잘 풀려서 기타를 배우면서 취미활동도 슬슬 시작해 보는 등 행복한 노년을 맞을 준비하고 있었지만...
고된 뱃일의 여파로 류머티스 관절염에 걸리게 되고, 이로 인해 혈액암의 일종인 다발 골수종의 통증을 관절염 통증으로 오인해 암의 치료 시기를 놓치게 되고 설상가상으로 신장 장애까지 겹쳐 마지막화에 2006년 11월 16일, 결국 혈액암으로 사망한다. 향년 56세. 그동안 딸에게 받은 용돈을 한 푼도 안 쓰고 통장에 그대로 모아뒀고, 사후에 금명에게 고스란히 돌려주었다. 그리고 생전 차덕후답게 아들 은명네에게 벤츠를 남겨주었다. 그리고 아내가 자주 깜빡하는 머리핀도 잔뜩 사두고, 문 걸쇠도 추가 설치하고, 아내의 키높이보다 높은 찬장 속 물건을 동선에 맞춰 낮은 위치의 칸에 배치해두었다. 마지막까지도 무쇠처럼 단단하고 우직하게 가족들을 생각하고 챙긴 양관식다운 모습을 보였다."
폭싹 속았수다,애순 & 관식 가족 - 양금명,양금명,아이유; 아역: 신채린(4~7세) → 안태린(7~10세) → 이아라(10~12세),"출생: 1968년 11월 14일; 본관: 제주 양씨; 가족: 아버지 양관식, 어머니 오애순, 형제: 양은명, 양동명,배우자 박충섭,딸 박새봄(2001년 8월 23일생),올케 부현숙,조카 양제일(1996년 7월 15일생), 양영원(2000~2001년생); 도동국민/중학교/여자고졸, 서울대 영어영문학 전공; 양관식, 오애순의 장녀. 3막부터는 사실상 주인공으로 나온다. 성인이 된 금명은 애순의 청년 시절을 연기한 아이유가 1인 2역으로 맡았다. 또한 작중 대부분의 내레이션은 금명의 시점에서 전개된다.
부모님과 20살도 차이가 나지 않는데, 관식과 애순이 고등학생 때 부산으로 야반도주했을 때 가진 자식이기 때문. 여관집 주인이 금품을 갈취할 목적으로 술을 접대했고, 이때 술김에 사고를 친 것이다. 이를 모른 채 이별할 뻔했던 관식과 애순은 결국 헤어지지 못했는데, 이후 금명이를 가진 것을 알게 되어 속전속결로 결혼하게 된다.
애순은 금명을 애지중지하며 키웠는데, 애순의 엄마인 광례 또한 자신을 잠녀로 키우지 않고 귀하게 키웠던 것을 생각하면 금명은 사실상 광례가 요절하지 않은 세계관의 애순이나 다름없다.
애순을 닮아서인지 공부를 곧잘하여 서울대학교 영어영문학과(87학번)에 입학하게 되어 서울로 상경해 독립하게 된다. 하지만 부족한 집안 형편 때문에 무시받기 일쑤고, 본인도 당시 불법이던 과외는 물론 극장 매표 아르바이트를 하면서 생활비를 번다. 이 과정에서 과외 학생을 대신해 수능을 치러달라는 학부모의 제안을 거절했다가 도둑으로 몰리는 등 고초를 겪기도 하고, 일본 유학을 권유 받았으나 국비 유학(문부성 장학금)을 갈 성적과 조건은 되지 않고 사비 유학 기회조차 돈이 없어 앙숙인 예림에게 기회를 뺏길 뻔하기도 했다. 예림을 재수없어하고 금명을 아꼈던 지도교수가 돈을 대주겠다고까지 했으나 이 얘기를 전해 들은 애순은 차마 남의 돈으로 딸 유학을 보낼 수는 없다고 생각해 주택을 팔고 낡고 좁은 아파트로 이사갔으며, 세 이모들과 동업하기로 한 식당에서도 지분을 빼면서 금명을 유학보내 주었다. 그것도 당시 일본은 한창 역사상 최고의 경제 전성기로 거론되는 버블 경제 때였다.졸업 후에는 대우그룹에 입사한다.
한편, 금명은 서울대학교 입학식 때 우연히 만난 영범과 신입생 시절부터 장기 연애를 했는데, 몇 번의 이별 위기를 극복하고 결혼을 결심하는 사이로까지 발전한다. 하지만 영범의 엄마인 부용은 전형적인 아들바보로서 금명이 마땅치 않고, 특히 금명의 부족한 집안에 실망하여 결혼을 은근히 반대한다. 그렇게 금명이는 예비 시어머니에게 잔소리와 모진 말들을 들었지만, 영범을 사랑했기에 이를 감수하고 상견례까지 진행한다. 예비 시어머니가 자신을 모질게 대한 것까진 참았으나, 애순에게 상처가 될 말을 했다는 것을 알게 된 금명은 결국 파혼을 선언하고 영범과 헤어지게 된다.이후 영범과 주고받은 편지와 학종이 등등 선물들을 버리고 친구랑 라면 먹을 때 나누지 않은 청첩장을 냄비받침으로 썼다. 부모님 집으로 내려가 집밥도 먹고 아버지의 배를 타고 아빠와 일출을 보러 가는 등 부모님과의 사이가 더욱 깊어진다.
이후 극장 매표 알바 도중 해당 극장 간판을 그리는 일을 하고 있다 가까워졌던 충섭과 그의 제대 후 재회하여 결혼에 골인한다. 이후 IMF 외환위기로 대우그룹에서 실직을 한 뒤, 2000년 새해 방송을 보면서 폴더폰을 이리저리 돌려보다가 영상 컨텐츠의 시대가 올 것을 직감하고 인터넷 강의 회사인 에버스터디를 창립, 성공한 기업인이 된다.하지만 아버지 관식이 자신이 해준 건강검진으로 다발 골수종이 늦게 발견되고 투병으로 병원에 입원하고 어머니 애순을 대신해 간병을 본다. 그러다 아버지로부터 젊을 적 수많은 일화를 듣게 되며 아버지와 더 깊이 가까워진다. 하지만 아버지 관식의 병이 악화되며 중환자실로 실려가는 걸 울며 가족들과 같이 달려가지만 2006년 11월 16일 아버지 양관식을 떠나보낸다. 게다가 본인이 보내준 용돈도 한푼도 안쓰고 모아둔 관식의 통장을 할머니 계옥으로부터 전달 받으며 아버지를 그리워하며 눈물을 보였다. 결국 자신의 사업이 잘 풀려 번 돈으로 부모님의 말년에 부모님이 자신의 유학을 위해 팔았던 집을 다시 사 말끔하게 리모델링하여 어머니께 돌려드리며 효녀 노릇을 제대로 한다. 또한 어머니의 시집 발간도 본인이 어머니의 노트를 복사해 출판사에 의뢰하여 어머니의 꿈을 이루게 돕는다."
폭싹 속았수다,애순 & 관식 가족 - 양은명,양은명,강유석; 아역: 손효준(~3세) → 이채현(4~7세) → 이우석(11세); 영어 더빙: 존 최,"출생: 1973년 8월 15일; 본관: 제주 양씨; 가족: 아버지 양관식, 어머니 오애순, 누나 양금명, 동생 양동명,배우자 부현숙,아들 양제일(1996년 7월 15일생)
,딸 양영원(2000~2001년생),매형 박충섭,조카 박새봄(2001년 8월 23일생); 애순과 관식의 아들. 양관식의 사랑꾼 기질을 그대로 물려받았다. 모범생인 누나와 달리 공부에 재능이 없고 사고를 자주 쳐서 애순이 자주 학교로 불려가도록 만든다. 애순과 관식이 애지중지하며 섬세하게 대하는 금명과는 달리 매우 편하고 함부로 대하는 감이 있다. 그래서 그런지 쌓인 불만이 꽤 있기는 하지만 그래도 기본적으로 넉살좋은 성격이라 엄마인 애순을 살뜰하게 대하고 있으며, 아빠인 관식과도 사이가 괜찮다. 다만 누나 금명과는 전형적인 현실 남매다. 그래도 은명이 누나 결혼식날 웨딩카 운전할 때, 식 올릴 때, TV 강연에 출연했을 때 눈물 보인 걸 보면 심각하게 나쁘기만한 우애는 아닌 듯하다.
부상길의 딸인 부현숙과 사귀고 있으며, 험악하고 복잡한 양쪽 집안 관계상 연애가 순탄하게 흘러가지 않는다. 이모들에게 과거 엄마 애순이 상길과 선을 봐서 결혼까지 갈 뻔한 사실, 만약 애순이 그 결혼을 했으면 현숙과 남매가 되었을 거란 말에 충격도 받는다. 대학은 안 가고 1993년에 입대했으며 은명이 육군 복무 중 부모님과 통화하던 중에 파혼 후 제주로 요양차 돌아온 누나가 있어 놀랍게도 바꿔달라고 말하지만 ""네가 차였지?""라며 찐 현실남매 캐미를 보여준다. 전역 후 집으로 돌아온 것을 축하하는 애순과 관식 앞에 현숙을 데려오면서 이제 한방이 할머니와 할아버지가 되었다며 이들의 뒷목을 잡게 만든다.
어린 시절부터 동고동락한 박철용이라는 친구를 잘못 사귄 덕에 사기죄를 모두 뒤집어쓰고 유치장 신세를 지게 된다. 그 와중에 면회를 온 부모에게 그 동안 살아오면서 느낀 서운함을 여과없이 토로한다. 늘 성적 좋고 인성 좋은 금명이에게 밀려 2등 같다는 느낌을 은연중에 받으며 속에 서운함을 쌓았고, 아기 이름을 제일로 지은 것도, 친구 박철용과 사업을 벌인 것도 돈을 벌어 누나인 금명을 이기고 엄마, 아빠의 관심을 받고 싶었기 때문이었다. 결국 사고 수습을 위해 관식이 배를 팔게 된다.
이후 주변의 따가운 시선과 생활고를 견디지 못해 결국 돈을 벌기 위해 위험한 원양어선에 취업했는데, 그 소식을 듣고 쫓아온 애순-관식과 부상길이 그것만은 막았다. 이후 아버지의 인덕 덕분에 수협 조합장이 사장으로 있는 얼음공장에 취직하고 부모님이 오징어 음식점을 개업하자 아내와 함께 일을 돕는다. 그리고 중고나라 사이트에서 문제의 분청사기를 판다는 글이 올라온 것 때문에 배신자 박철용이 붙잡혔다는 소식을 장인어른인 부상길을 통해 접하며 억울한 누명을 벗을 수 있게 되었다.
결말 즈음에는 부모님이 차린 오징어 요릿집을 물려받아 프랜차이즈화에 성공하여 체인점 사장이 되었다."
폭싹 속았수다,애순 & 관식 가족 - 양동명,양동명,신새벽,"출생: 1974년 9월 6일, 사망: 1978년 8월 18일(향년 3세); 본관: 제주 양씨; 가족: 아버지 양관식, 어머니 오애순, 누나 양금명, 형 양은명; 아버지인 관식의 배 이름인 '금은동'의 동이다. 역대급 태풍이 제주도 전체를 덮치던 날 밥을 먹던 도중에 사탕이 먹고 싶어 까치발을 서서 사탕통을 꺼내려다가 엎어버렸다. 어머니 애순은 그 모습을 보곤 동명이를 혼냈고 이에 서러워 울기 시작한 동명은 ""엄마, 안아""라고 말하지만 엎어진 사탕들을 줍는 데만 몰두한 애순은 안아주지 않았다. 곧이어 누나 금명이 비바람 부는 날씨에 무리해서 자전거를 타다가 오토바이와 부딪히는 사고를 당하고, 이 소식을 들은 애순이 태풍을 뚫고 밖을 나서자 형 은명도 그런 어머니를 쫓아 따라갔다. 그렇게 혼자가 된 동명은 어머니가 자주 데려갔던 방파제로 홀로 뛰어갔고, 거기서 그만 파도와 태풍에 휩쓸려 1978년 8월 18일 세 살이라는 너무나도 어린 나이에 익사하고 말았다. 동명이 사라지자 온 마을 사람들이 제 일인 것마냥 동명을 찾아다녔지만 끝내 동명은 싸늘한 시신으로 발견되고, 동명의 시신을 발견한 애순과 관식은 매우 절망한다. 사후 사탕을 주지 않았던 점과 마지막까지 안아주지 못한 점, 아이들을 방파제로 자주 데려갔던 점이 어머니 애순의 한이 되었고, 누나 금명도 자신이 괜히 태풍 속에 자전거를 타고 나가서 동생을 죽게 만들었다고 자책했으며, 형 은명 역시 자신이 애순을 따라 나서느라 동생을 혼자 놔두는 바람에 죽게 만들었다고 후회했다. 그리고 관식은 '아무도 잘못한 게 없다'며 애순을 달랬지만, 가장 큰 죄인은 자신이라고 수십 년 동안 남모르게 한을 품고 다녔으며 수십 년 뒤 건강검진에서 수면 내시경을 받고 아직 마취가 덜 풀린 무의식 중에도 ""그날 축대 쌓으러 가지 말걸"" 하고 중얼대면서 연거푸 동명의 이름을 부르며 울었다. 먼저 깬 채 관식을 지켜보던 애순도 슬퍼하며 가족 모두가 동명의 죽음에 극심한 죄책감을 품게 된다. 이후 은명이 원양어선 일하는 것을 막으러 갈 때 동명의 죽음이 한번 더 오버랩되는데, 애순은 이 트라우마 때문에 은명의 잘못이 아닌 자기 탓이라며 자책하게 된다.
시리즈 전반에 걸쳐 주인공들의 회상에서 지속적으로 등장한다. 동명의 이름이 직접 언급되지 않으나 동명을 상징하는 스포크와 사탕이 올라가있는 선반이 지속적으로 등장한다. 애순의 할머니인 춘옥이 죽기 직전 다시 회자되는데 똑같이 자식을 먼저 떠나보낸 처지여서 그런지 치매에 걸려 아무도 못 알아보는 춘옥도 애순만은 알아보고 대화를 나누기도 했다.
이후에도 부모님이 무덤에 찾아와서 간식, 장난감을 챙겨오기도 했다. 애순은 비바람 불 때에도, 눈이 쌓일 때에도 동명의 무덤을 끌어 안았다."
폭싹 속았수다,애순 & 관식의 손주들 - 박새봄,박새봄,윤서진(사) / 아역: 경하윤(4~7세),"출생: 2001년 8월 23일; 금명과 충섭의 딸; 2001년 8월 23일생. 금명과 충섭의 딸. 3.6kg의 우량아여서 금명이 난산을 겪었다. 15화에서 금명의 노트북 배경 사진으로 나오다가 16화에서 엄마가 아침을 먹여주는 것은 싫다며 밥상을 뒤엎으며 떼를 쓰는 모습으로 등장한다. 이에 금명은 어머니 애순을 불러 도움을 요청했다. 어머니 금명이 결혼 전 외할머니 애순한테 괜히 솔직하지 못하고 툴툴댄 탓에 이에 결국 너 같은 딸 낳아보라는 소리를 들었는데 실현이 되자 애순이 꼴 좋다고 하는 건 덤.. 이후 금명이 왜 아침마다 떼를 쓰냐며 물어보자, 아침에 밥을 빨리 먹으면 엄마가 더 빨리 가기 때문이라고 대답한다. 엄마가 아침에 조금이라도 더 곁에 있었으면 좋을 것 같아서 고집을 부린 것이라며 여느 맞벌이 가정의 아이들의 심리를 드러냈다. 이에 금명은 눈물을 흘리며 새봄을 안아준다. 이후 16화 마지막에 성인이 된 모습으로 가족사진으로만 등장한다. 아버지가 힘들게 자신을 출산한 엄마의 곁을 지켜보며 '둘째는 없어'라 했기 때문에 이후의 동생 없이 외동으로 자랐다."
폭싹 속았수다,애순 & 관식의 손주들 - 양제일,양제일,"김강훈[특별출연] / 아역: 신현서, 김인우","출생: 1996년 7월 15일; 은명과 현숙의 아들; 태명 '한방이'; 1996년 7월 15일생. 은명과 현숙의 아들. 태명은 한방이. 16화에서 아빠인 은명의 지갑을 털어서 같은 학원에 다니는 여자친구인 아람이 머리띠를 사줬다(...). 머리에 멋을 내겠다고 브릿지까지 넣어서 이걸 본 은명은 탄식하지만, 그 모습을 보고 관식은 인생이 공수 교대라며, 자신과 애순을 속썩인 은명이 똑같이 말썽쟁이 아들을 얻은 것이 통쾌하다는 듯이 웃는다. 아닌 게 아니라, 사랑을 위해서라면 물불 안 가리는 면모는 양씨 가문 삼대가 모두 가진 공통 요소이다. 그리고 아파트 일 층에서 <좋은생각>지에 실린 애순의 시를 읽으며 좋아하는 관식이 애순을 업고 방방 뛰는 것을 지켜보며 웃는다. 이후 16화 마지막에 성장한 모습으로 등장하여 애순이 늘그막에 발간한 시집 ""폭싹 속았수다""의 사진을 찍는다."
폭싹 속았수다,애순 & 관식의 손주들 - 양영원,양영원,"손예린(사), 이주연(사) / 아역: 김라희, 박가율, 송승아, 강리아","출생: 2000~2001년생; 은명과 현숙의 딸; 2000~2001년생. 새봄보다 몇 개월 사촌언니로 추측. 은명과 현숙의 딸. 16화에서 관식이 애순을 업고 방방 뛰는 것을 지켜보면서, 아빠 은명과 오빠 제일과 함께 웃는다. 16화 마지막에 가족사진으로 등장한다."
폭싹 속았수다,애순의 가족 - 김춘옥,김춘옥,나문희; 영어 더빙: 릴리아 그로그,"출생: 1908년 12월 8일, 사망: 1995년 12월 20일(87세); 본관: 김해 김씨; 가족: 아들 오한규, 오한무, 손녀 오애순, 손자 오종구, 증손녀 양금명, 증손자 양은명, 양동명,증손녀사위 박충섭,현손녀 박새봄,증손자며느리 부현숙,현손자 양제일,현손녀 양영원; 어머니의 요절, 의붓아버지도 다른 여자를 만나 살게 된 처지에 놓인 애순이를 무너지지 않게 버팀목 역할을 해주었다. 손녀 애순이 힘든 일이 있을 때에 아들 한무의 차갑고 매정한 말에 소라껍데기를 머리에 정확히 던지고 눈물을 흘리는 손녀딸을 사는 게 힘든지, 괜찮냐며 위로해주었다. 애순이가 무너지려는 순간 국밥 판매로 벌어서 꽁꽁 숨겨둔 종잣돈을 애순이에게 주고 어선을 사라며 경제적으로 큰 도움을 주었다. 애순네가 배를 사고 고사 지내자 차남 한무에게 종구를 날강도로 고소한다고 일갈하자 한무는 여전히 아들이 장손이라며 끝까지 감싼다. 하지만 이에 애순이가 장남 딸이라며 차분하게 반박해 입 다물게 만드는 건 덤.
시간이 많이 흘러 치매에 걸린 상태에서도 애순이는 꼭 기억해냈으며, 애순이의 장판 선물을 받고는 황토 장판이라며 좋아한다. 애순이가 적금 타면 할머니에게 꼭 새 이를 해준다고 했으나... 그 해를 못 넘기고 1995년 12월 20일 영면에 들었다. 빈소를 지키던 한무는 '이를 하고 가셨어야지'라고 말하며 통곡했다.
하지만 작은아들 입을 다물게 할 정도의 힘이 있으면서도 어린 애순이가 집안의 천덕꾸러기 신세가 되는 것은 좌시했고, 임신한 작은 며느리에게 밭을 혼자 갈게 하는 등, 마냥 좋기만 한 사람만은 아니다."
폭싹 속았수다,애순의 가족 - 전광례,전광례,염혜란; 일본어 더빙: 키요하라 마리; 영어 더빙: 블라잇 마츠이,"출생: 1932년, 사망: 1961년(29세); 가족: 첫 남편 오한규(사별), 재혼 후 염병철와의 자녀(오애순, 염순남, 염순봉), 사위: 양관식, 손녀: 양금명, 손자: 양은명, 양동명,손자며느리 부현숙,증손자 양제일,증손녀 양영원,손녀사위 박충섭,증손녀 박새봄; 1932년생. 첫번째 남편이 병으로 사별하고 두번째 남편과 재혼했으며 자식 셋[90]을 키우기 위해 제주 해녀일을 하며 악착같이 살다가 '숨병'이 심해져 1961년, 29세라는 젊은 나이에 요절했다.
어려서는 부모의 빚으로 고생했으며 피난을 다녔고 첫번째 남편은 병수발을 들다가 사망했고 두번째 남편은 한량으로 일을 거의 하지 않았으므로, 아주 어릴 때부터 혼자서 자신과 가족의 생계를 책임지느라 많이 고생했고 그래서 더 악착같이 살았다.
애순이 이모라고 부르는 동료 잠녀 홍경자가 숨병에 걸려서 일을 못하는 다른 잠녀를 돕지 않으려는 광례를 타박하며, 피난을 올 때 데려오지 말았어야 했다는 말을 하는 것으로 보아 한국전쟁을 피해 육지에서 피난을 와 제주도 남자인 오한규와 결혼해서 애순을 낳은 것이 아닐까하는 시청자들의 추측이 있었다. 그리고 김원석 감독이 넷플릭스 유튜브 채널에서 그 것에 대해 직접 밝히길, 전쟁 고아로 전국을 떠돌며 온갖 고생을 하다가 친구 경자와 18~19세 무렵에 제주에 와서 해녀가 된 설정이라고 한다.
억척스럽고 현실적인 성격으로 애순이를 타박하기 일쑤였지만 사실 그 누구보다도 딸 애순이를 아낀 엄마였다. 마지막에 자신의 죽음을 예감하며 다른 무엇보다 험한 세상에서 홀로 고아가 될 애순이를 두고 갈 수밖에 없는 것에 눈물을 흘려가며 안타까워했다. 이에 시어머니 김춘옥을 찾아와 영정사진을 찍으면서 꿋꿋하게 잘 참는 애순이가 무너질 때 더도 말고 딱 한 번만 도와달라고 부탁한다. 며느리였던 광례의 유언을 잊지 못했던 김춘옥의 결단으로 애순이는 삶의 파도에 무너지지 않고 당당하게 우뚝 설 수 있게 된다.
살 날이 얼마 남지 않았음을 직감했는지 시어머니 춘옥에게 같이 어디 좀 가자고, 혼자 가기 무섭다며 손을 끌고 어딘가에 도착한 곳은 사진관이었다. 해녀들이 사진을 찍으면 그 사진이 바로 영정사진이 된다는 미신이 언급되는데, 이 말은 결국 광례가 자신의 마지막 사진인 영정사진을 찍으러 온 것임을 암시한다. 사진을 찍기 전에 화장을 하면서 춘옥에게 어머니는 천천히 오시라며 담담하게 이야기하지만 자기가 없는 현실에 남아있을 오애순을 생각하면 편히 눈을 감을 수 없겠다고 울면서 춘옥에게 심정을 토로한다.
춘옥의 사후 대사로 추정했을 때 사진관이지만 이승이 아닌 곳에서 재회하여 대화를 나누면서 시청자들의 눈물을 쏟게 만드는 명장면을 만들어냈다. 춘옥이 ""나 잘 살암시냐? 나 빚 갚았시냐?(나 잘 살았니? 나 네 빚 갚았니?)""라고 묻자 고개를 끄덕이며 ""충분했소. 고생하셨소""라고 답한다. 반대로 춘옥에게 ""소풍이셨소, 고행이셨소?""라고 질문한다. 이에 춘옥은 자식들 다 만나고 가는 기가 막힌 소풍이었다며 답하면서 며느리의 곁으로 떠난다.
당연히 사망으로 퇴장한 이후에는 플래시백(회상)으로 종종 등장하는데, 특히 애순이의 회상으로 자주 등장한다.
해당 배역을 연기한 배우 염혜란은 마지막회에서 1인 2역으로 출연하는데, 다름 아닌 애순의 시집 출간을 진행한 출판사 편집장으로 나온다. 그녀는 일생 내내 애순을 스쳐 지나가는 모습을 보였으며 이는 사진으로 기록되어 있었던지라 의미심장한 인연임을 보여준다. ""우리 엄마 다시 살아나 책상머리에서 일하며 떵떵거리고 있나""라고 말했던 애순의 모습, 애순의 생애를 담은 시집 원고를 읽고 눈물 흘리며 ""그냥.. 그냥 장해"" 라고 말하는 장면을 통해 광례의 환생임이 암시된다. 판타지 드라마는 아니지만, 이렇게라도 광례의 삶이 환생 후에라도 보상받았길 바라는 장치로 보인다. 그리고 엄마 광례에게 특초밥을 사주고 싶다고 애순이가 말했었는데 그녀의 수하로 보이는 직원이 선물로 특초밥 세트를 사들고 온 장면까지 나오며 모든 복선을 다 회수하게 되었다."
폭싹 속았수다,애순의 가족 - 오한무,오한무,정해균; 영어 더빙: 폴 나카우치,애순의 작은아버지. 첫 등장 파트에서는 조카인 애순을 소홀히 여기고 자신의 외아들이자 집안 종손인 종구만 챙겨서 애순과 광례와의 트러블이 상당했다. 특히 대학을 포기하고 여공이 되어 자신의 집으로 매달 돈을 부치라는 말을 해서 애순이 관식과 함께 패물을 훔쳐 야반도주하는 계기를 제공했다. 다만 그 이후로 애순이에게 모진 말은 해도 도와주는 츤데레 같은 성격이 되었다. 종구가 도박 중독과 사업 중독으로 집안 재산을 거덜낸 것을 보면 오한무가 아들 종구를 잘못된 방식으로 애정을 쏟은 것이 실책이 된데 한 몫한 것으로 보인다.
폭싹 속았수다,애순의 가족 - 염병철,염병철,오정세[특별출연]; 영어 더빙: 빅 차오,"애순의 의붓아버지. 광례와 결혼 후 1남 1녀 출생; 과부였던 애순의 엄마 광례와 결혼하여 애순의 새아빠가 되었고, 광례와의 사이에서 1남 1녀가 태어난다. 한량이라 광례에게 경제적으로 의존한다. 이후 광례가 죽은 뒤 원양어선을 타러 나간 사이 자신의 핏줄인 두 아이를 돌볼 사람이 필요했기 때문에 그나마 노동력이 되던 애순에게 대학을 가게 해주겠다며 양배추 농사를 지어 두 동생을 키우게 했다. 다시 민옥과 새장가를 가면서 결과적으로 애순이가 집을 떠나가게 했지만 그래도 이사를 가기 전에 민옥과 함께 애순에게 소정의 돈을 남기고 떠난다.
자신의 딸도 아닌 전처의 딸을 성인 때까지 키워준 것과 대학까지는 아니었지만, 고등학교까지는 계속 보내줬기에 절대 약속 안 지키는 나쁜 사람은 아니다. 오히려 친가에서 식모 대접을 받다 엄마인 광례가 보고싶어서 찾아오는 애순의 처지를 동감하며 이해하는 모습도 보이고, 광례가 죽고 애순이가 갑이 된 상황에서는 납작 업드리는 인간미있는 모습을 보여주었다."
폭싹 속았수다,애순의 가족 - 나민옥,나민옥,엄지원[특별출연]; 영어 더빙: 케이트 말리,"염병철의 후처. 광례가 죽은 지 7년 후, 병철의 아이를 혼전임신하여 후처로 들어왔고 그 뒤로 한 아이를 더 낳았다. 민옥의 말마따나 첩으로 들어온 것도 아니건만, 병철의 전처 딸인 애순과는 사사건건 부딪쳐 입이 5개인 집에 깨끼를 사와도 애순이 몫을 뺀 4개만 사 오는 사이다. 하지만 병철과 마찬가지로 마냥 나쁜 계모는 아니었는데, 금명을 낳은 애순과 동질감을 공유하며 점점 살갑게 대했고, 짐을 가지러 온 애순에게 '도의적 장학금' 조로 자전거를 내주기도 했다.
이사를 갈 적에는 애순의 하숙집 주인을 찾아가 또다른 '도의적 장학금'을 주면서 3개월치 방세를 해결해주고 떠난다. 재미있는 점은 귀가 어두운 주인 할아버지가 ""도희정"" 장학금으로 적었으나, 한글을 못 알아보는 게 들킬까봐 쪽팔려서 애써 알아보는 척 대충 맞다 하고 숫자만 맞는지 확인해 넘겨주는 바람에 애순에게는 도가가 준 장학금으로 전달되었다.
이사 이후 등장은 없었으나 성인이 된 금명이 하숙집 주인으로부터 미래의 남편인 춘섭을 숨겨줄 때, 민옥이 할머니가 말했다며 나민옥을 회상하는 것으로 보아 이사한 후에도 애순과의 연이 끊기지는 않았던 것으로 보인다. 이후 해녀박물관이 개관하는 장면에서 노년의 모습으로 나온다.
은명의 아들 제일의 돌잔치 때는 금두꺼비를 사 선물해주었다. 떡집을 하는데 워낙 장사가 잘 되어서 떡을 팔아 벤츠를 탄다고 한다."
폭싹 속았수다,애순의 가족 - 염순남,염순남,이연주 (어린 시절) → 최혜서 (8~12세),"애순의 이부여동생. 광례가 염병철과 재혼하고 낳은 딸
병철이 광례의 무덤을 만들며 그래도 '순'자 돌림에 핏줄 같은 동생들을 키우는 게 숙부집에서 식모처럼 사는 것보단 낫지 않겠냐고 말하며, 잠시만 돌봐줄 것을 부탁한다. 그러나 거듭된 부탁과 약속을 반복하며 결국 애순이 순남 순봉을 모두 업어키운 셈이 되었다."
폭싹 속았수다,애순의 가족 - 염순봉,염순봉,최지혁 (9~10세) → 이시우 (13세),애순의 이부 남동생. 광례 재혼 후 태어난 아들.
폭싹 속았수다,애순의 가족 - 현이숙,현이숙,오연재; 영어 더빙: M. J. 강,오한무의 아내이자 애순의 작은어머니; 손윗동서인 광례가 학교 담임 면담 간다고 임신한 자신을 대신해 밭일 해주는 대신 진주목걸이 빌려달라는 요청했었다. 물론 한사코 거절 했지만 끈덕진 광례의 부탁 끝에 빌려주었다.
폭싹 속았수다,애순의 가족 - 오종구,오종구,조명연; 아역: 강규림,"오한무, 현이숙의 아들이자 김춘옥의 장손. 하지만 공부는 못해서 할머니한테 꽃의 받침을 ㅈ으로 써서 꾸지람을 듣고, 학교에서 성적이 꼴찌라는 언급이 있고, 커서는 집안을 일으키기라도 한 사촌누이인 오애순과 달리 도박으로 집안을 거덜내는 대조되는 행보를 보였다. 게다가 금명이 직장 사표 내고 새 사업을 준비하는데 사업 타령하다가 사업이 안되었는지 오애순한테 10만원을 빌리고 산다는 언급이 있다."
폭싹 속았수다,애순의 가족 - 오종미,오종미,현승진; 아역: 김시하,"오한무, 현이숙의 딸이자 오종구의 여동생. 제삿날에 사촌 언니인 애순이 유괴당할 뻔한 적이 있었는데, 그때 등장했다. 1960년 3월 당시 애순과 함께 나무를 하다가 집으로 돌아가는 길에 갑자기 애순이 나무 지게를 두고 까만 저승 잠자리를 뒤따라가면서 종미만 따로 집에 돌아왔다. 이후 제사일을 거드는 종미에게 광례가 애순이 어딨냐고 묻자 저승 잠자리를 따라갔다고 대답하고, 광례는 불길한 촉을 감지하고 산 이곳 저곳을 돌아다니다가 애순을 무사히 되찾는다."
폭싹 속았수다,애순의 가족 - 김춘심,김춘심,변중희,"김춘옥의 동생이자 한무의 이모, 애순, 종구, 종미의 이모 할머니; 언니 춘옥의 생일 잔치에 찾아왔지만 언니가 치매 걸려 못 알아본다."
폭싹 속았수다,관식의 가족 - 박막천,박막천,김용림; 영어 더빙: 페이지 리엉,"출생: 1903년 추정; 가족: 아들 양삼보, 며느리 권계옥, 손자/며느리 오애순, 손자 양관식, 증손녀 양금명, 증손자 양은명, 양동명,증손자며느리 부현숙,현손자 양제일,현손녀 양영원,증손녀사위 박충섭,현손녀 박새봄; 미신을 매우 중시하는 성격의 무당인지라, 애순에게 요절한 어머니 귀신이 씌어 일찍 죽을 팔자라며 탐탁지 않아한다. 애순과의 충돌이 잦은 편이다. 관식이 시장판에서 애순네 양배추 장사를 대신 도맡을 적에는 날마다 찾아와 양배추 수레를 뒤엎으며 난동을 피웠고, 둘이 결혼한 이후에도 매일같이 애순에게 액땜한답시고 팥을 뿌려댔다. 이후 금명이 잠녀가 되도록 고사를 지내려다가 분노한 애순이가 상을 뒤엎고 분가하게 된다.
다만 애순을 마냥 미워하기만한 것은 아니어서 애순이 셋째인 동명을 임신했을 때 여전히 관식과 알콩달콩하면서 본인이 관식의 집안에게 해준 것들을 나열하는 모습을 보며 자신의 며느리이자 애순의 시어머니인 권계옥에게 ""내 며느리(권계옥)보다 네 며느리(오애순)가 낫다""는 말로 놀린다. 또한 동명이 사라졌을 때 늙어서 다른 이들처럼 찾으러 돌아다닐수 없는 자신을 원망하면서 처절하게 기도했고, 동명이 죽은 뒤에는 생일파티를 해달라며 애순에게 조르는 은명이를 따로 불러 ""동명이 기일이 네 생일 사흘 후다. 너는 앞으로 생일 없다고 생각하고 살아라. 네가 잘해야 엄마도 산다.""라며 타이르는 아주 속 깊은 모습도 보여주었다.
은명이 고등학생이 된 시점에서는 사망했다는 언급이 나오며, 12 화에서는 영정으로 등장한다."
폭싹 속았수다,관식의 가족 - 권계옥,권계옥,오민애; 영어 더빙: 페이지 리엉,"출생: 1930년; 본관: 안동 권씨; 가족: 남편 양삼보, 아들 양관식, 며느리 오애순, 딸 양경옥, 사위, 손녀 양금명, 손자 양은명, 양동명, 손자 서동민, 손녀사위 박충섭,증손녀 박새봄,손자며느리 부현숙,증손자 양제일,증손녀 양영원; 관식의 엄마지만 늘 애순이 바라기인 관식 덕분에, ""차라리 개를 키울 걸 그랬어""라며 지긋지긋해 하는 게 말버릇이다.
관식과 결혼해 시집살이하는 애순에게 모질게 대한다. 게다가 애순이 금명의 해녀고사상을 엎었을 때 잠녀가 그렇게 좋으면 경옥을 시키라는 애순의 말을 듣고 분개하여 홧김에 뺨을 때렸고, 이를 본 관식이 애순이 손을 잡고 나가 분가한다. 여기까지 보면 여타 드라마 속 시어머니와 마찬가지로 애순과의 트러블을 담당할 것 같지만, 마냥 나쁜 인물은 아니다. 부산 야반도주 사건 때, 사기꾼 하숙집 부부를 피가 마르도록 들볶아 애순과 관식이 등쳐먹힌 패물 가방을 도로 찾아내는 업적을 달성했고, 이후 애순이 동명이를 사고로 잃고 실의에 빠져 있을 때 찾아와 ""너만 바라보는 자식이 아직 둘이다. 살민(살면) 살아진다""라며 위로해준다.
늘상 툴툴거리는 말투로 말하지만, 실상 딸의 육아독박과 아들내외의 식당 운영을 돕는 등 자식들을 많이 챙겨주는 편이고, 아내 편만 들었던 관식이 스스로 후레자식이라 하자 자식을 먼저 보낸 부모의 마음을 자신은 모르겠다며 살아주는 자체가 효도라고 말해주는 속깊은 인물. 그런데 증손자 제일이가 친구 아람한테 머리띠를 은명의 돈으로 사는 짓을 저질러서 은명이가 혼내고 있을 때, 관식이 '인생이 공수교대다 그지?'라며 놀리자 말없이 관식을 째려보는데 정작 관식은 '뭐요?'라며 모른 척 하는 게 포인트다. 하지만 아들 관식이 환갑도 안되는 나이에 혈액암의 일종인 다발 골수종으로 먼저 세상을 떠나면서, 자신도 그 마음이 무엇인지 알게 되는 가엾은 인물이다. 관식이 집에 들어오자 애써 밥먹으라며 평상시처럼 대했지만, 사실 뒤돌아선 채 국을 끓이면서 아들을 앞세워 보낼 것 같다는 생각에 소리 죽여 울고 있었다.
39살에 할머니가 되었고, 67살에 증조할머니가 되었다."
폭싹 속았수다,관식의 가족 - 양경옥,양경옥,서혜원 (아역: 김세아); 영어 더빙: 스테퍼니 웡,"1964년생; 관식의 여동생; 한쪽 코를 찡그리는 버릇이 있다.
관식과 달리 자유분방한 성격으로 3막에서 애순을 찾아와 장판을 준강매한다. 그런 경옥에게 애순은 2개를 구매해주며 하나는 시어머니 계옥에게 드리라고 다시 경옥에게 들려보내고, 남은 하나는 할머니 춘옥에게 선물한다.
본인 왈, 애순이 자기는 친자식이 아니라서 항상 금명이보다 먹을 것을 덜 줬다고 한다(...). 이 부분은 1막의 서술 트릭에 해당한다. 부상길이 애순과 선을 볼 때 본인에게 전처의 자식이 있다고 말하는데, 장년 관식이 등장하지 않았고 경옥이 사실 애순의 시누이임을 시청자들은 모르는 상황에서 이 대사가 나오니, 애순과 부상길이 결혼했고 경옥은 부상길이 데려온 의붓딸인 것으로 시청자들이 오해하도록 유도하는 것. 슬하에 아들 서동민을 두었다. 16화에서 등장은 없지만 애순이에게서 김치를 얻어다 먹는 걸로 언급된다."
폭싹 속았수다,관식의 가족 - 양삼보,양삼보,유병훈,"관식의 아버지; 전형적인 무심하고 가부장적인 남편인지라, 계옥은 아들 관식과 삼보를 싸잡아 ""개를 두 마리 키울 걸 그랬어""라며 분통 터져한다. 물론 과거 아내 계옥과 함께 야반도주한 전력도 있었고, 관식이 애순과 함께 부산으로 가출 소동 벌이다가 아내와 함께 돌아오면서 담배 피며 아들을 꾸짖기는 했다. 이후 12화에서 세월이 흘러 고인이 되었다."
폭싹 속았수다,잠녀 3인방 - 박충수,박충수,차미경; 영어 더빙: 졸렌 킴,"해녀; 광례의 절친이자, 그녀의 사후 애순을 돌봐주며 많은 면에서 도움을 주는 이모 3인방 중 최연장자. 가끔 애순에게 엄마가 해줄 법한 충고를 해준다.[122]
사춘기의 은명이 일으키는 사고들로 머리가 아픈 애순이 언제 다 크냐고 한탄하자 ""나도 아직 덜 켰져""라고 한다.
숨병이 나서 이모 3인방 중 가장 먼저 세상을 떠난다. 남은 두 이모들이 버릇이 되어 비빔밥 그릇에 숟가락을 세 개씩 챙겨오는 바람에, 충수를 떠올리고 그리워하는 장면이 등장한다."
폭싹 속았수다,잠녀 3인방 - 최양임,최양임,이수미; 영어 더빙: 알렉산드라 천,"해녀; 광례 사후, 애순을 많은 면에서 도와준 해녀이모 3인방 중 한 명. 3화에서 방파제에서 울고 있는 애순을 향해, 바다에 뛰어들어 헤엄쳐 오는 관식을 보며 북파공작원을 해도 되겠다며 좋아한다.
은명이가 사기죄 누명을 써버리자 억척스러웠던 광례와 다르게 상대적으로 여린 애순의 성격상 당차지만 싫은 소리 하나도 못냈던 모습이 많아 답답해하기도 했는데, 애순이가 박철용의 엄마와 몸싸움을 당하다가도 역으로 반격하고 멱을 잡는 걸 보고는 매우 놀란 모습과 함께 “광례 딸 맞네이..”라고 말하는 개그씬을 보여주기도 한다.
이후에는 등장이 없다가 해녀박물관 공연 현수막에 사진으로 나온다. 감압병으로 일찍 세상을 떠난 광례와 충수와는 다르게 장수한 인물 중 하나."
폭싹 속았수다,잠녀 3인방 - 홍경자,홍경자,백지원; 영어 더빙: 준 앤절라,"해녀; 광례와 같이 전쟁고아로 전국을 떠돌다 18~19세 무렵에 제주로 와서 해녀를 오랫동안 해온 인물.#같이 다니는 잠녀 3인방 중 1인이다. 애순이와 관식이의 연애질부터 결혼생활까지를 거진 다 보았던 인물이기에 애순이의 아들이 애순이와 트러블이 있었던 부상길의 딸과 사귄다는 말을 듣자 애순이가 예전에 부상길과 맞선을 본 적이 있었다는 것을 은명이에게 먼저 폭로하였다. 나머지 두 사람은 그런 걸 왜 폭로했냐면서 함께 웃는다.
백일장에서 좌판 장사를 하던 중, 애순의 시를 애순도 모르게 제출했다가 이게 장원이 되어버리는 바람에 학교를 혼란에 빠뜨리는 생각치도 못한 사고(?)를 친다.
이후 숨병으로 사망한 광례와 충수와는 달리, 양임과 함께 해녀박물관 공연 현수막에 사진으로 나오며 장수하고 있음을 암시한다."
폭싹 속았수다,상길네 - 부상길,부상길,최대원; 영어 더빙: 레밍턴 호프만,"일명 학씨 아저씨. 빌런이자 개그 캐릭터. 이름보다 학씨로 기억하는 시청자가 더 많다... 1939년 1월 7일생으로 도동리에서 오징어 배 선장을 하는 지역 유지. 전처에게서 얻은 아들이 둘, 재혼한 아내에게서 얻은 딸이 둘 있다. 자신보다 훨씬 어린 아내에게 손찌검을 하고 바람을 피우는 것은 물론이고, 자신의 밑에서 일했던 관식을 폭행하고 계장 선거에 출마한 애순의 험담을 퍼뜨리는 등 성격파탄자의 모습을 한 인물이다. 종종 자신의 뒤를 봐줄 권력자들에게 뇌물을 건네고, 동시에 애순과 어촌계 계장 자리를 두고 선거에서 맞붙게 되자 지역 주민들에게 자신의 재력으로 음식을 대접하며 자신을 뽑을 것을 요구하는 금권선거를 대놓고 하는 등 당시 대한민국 사회에 만연했던 뇌물 문화와 부정부패에 물든 모습도 보인다. 본인이 궁색해질 때마다 '학! 씨'라고 소리치는 버릇이 있다. 전형적인 그 시대의 권위주의적인 가장으로 젊었을 적에는 가족들을 홀대하였으며, 배가 나오고 노년으로 접어들어가는 시점에서도 똑같은 모습을 보여준다. 그러나 성인이 된 자녀들이 당당하게 맞서며 그를 무서워하지도 않는 등 슬슬 가족들에게 외면당하고 있다.
그나마 4막에 들어서는 갱생하는 모습을 보여준다. 세월이 지나 정수리가 휑해지고, 배가 나온 아저씨의 모습이 되어 가족들에게 깨알같이 디스를 당한다.
아내와 이혼한 후 젊은 시절 자신의 행동을 돌아보며 자조하고, 사위인 은명이 친구인 박철용에게 속아 사기죄를 독박쓴 뒤 동네 사람들의 눈초리와 자신의 합의금 마련을 위해 배까지 판 아버지에 대한 죄책감으로 돈을 벌기 위해 원양어선을 타러 갔을 때는 딸 현숙의 요청을 외면하지 못하고 선장에게 기름값 따블로 줄테니 배 돌리라고 해서 은명을 애순과 관식 품으로 돌려보냈다. 그리고 박철용에게서 사기죄를 뒤집어 쓴 사위 은명을 위해 형사에게 식사를 대접하고 뇌물을 주면서 사태를 해결하려 하는 등, 자기 나름의 방식대로 장인 노릇, 아버지 역할을 하려는 모습을 보여준다.
이후 이혼한 아내 영란과의 관계도 나름 회복한 듯, 함께 차를 타고 드라이브를 한다. 건강에 신경쓰라는 아내의 잔소리는 덤이었다. 그리고 은명이 손녀와 밥도 같이 먹으면서 할부지 먹으라는거에 관식과 자기 중 누구 할부지냐고 묻고서는 자길 고르자 껌벅 죽으며 좋아하면서 나름의 행복을 찾은 듯하다."
폭싹 속았수다,상길네 - 박영란,박영란,장혜진 (젊은 시절: 채서안),"1949년 5월 28일생; 부상길의 아내; 가정폭력과 육아 때문에 쌓인 스트레스를 풀러 당시 풍기문란 단속 대상이던 사교댄스를 몰래 즐겼는데, 남편인 부상길이 주도하는 단속에서 걸릴 위기에 처하자 애순이 도망치게 도와준 적이 있다. 남편 부상길과 애순의 과거 스캔들을 들어서 알고 있었으며, 상길과의 결혼을 깨버리고 애처가로 유명한 관식과 사는 애순을 매우 부러워했다. 그렇게 30년 넘게 결혼생활을 하면서 남편 상길의 학대를 견디다 보니 성격이 초연하고 무덤덤해졌다. 이후 자신이 병간호를 해준 시어머니로부터 보답으로 귤밭을 상속받은 후, 그걸 밑천삼아 2000년경 공인중개사에 합격하고 남편과 이혼 절차를 밟았다. 그래도 그동안 살아온 미운 정이 생기고 부상길이 은근히 자식들을 챙긴 것을 알게 된 후에는 가끔이나마 서로 만나는 편이다. 배 나온 것도 지적해주고 하는 사이이다."
폭싹 속았수다,상길네 - 부현숙,부현숙,이수경 (아역: 최하윤); 영어 더빙: 지나 수,"1973년생; 상길과 박영란의 딸; 집안의 대대적인 반대에도 부모대부터 악연인 관식과 애순의 아들 은명과 연애를 하고 급기야 군복무 중인 은명의 면회를 갔다가 임신까지 하게 된다. 태명은 한방이(...). 당연히 관식과 애순은 경악했다. 관식은 빗자루를 들고는 ""너 이 새끼 군대 가서 나라를 지키랬더니...""라고 분노하며 은명을 때릴 기세였으며, ""내 딸들은 이름부터 현숙하고 정숙하다""고 자랑했던 아버지 상길은 더욱 극대노해서 첫손주의 돌잔치에도 불참할 정도로 관계가 험악해졌다. 시댁에서 살게 되었지만 딱히 시집살이로 힘들어하지는 않는다. 은명이 박철용에게 누명을 쓰고 감옥에 갈 처지가 되자 상길을 찾아가 제발 도와달라고 부탁하나 상길이 거절하자, 같은 아버지의 처지임에도 인품이나 행동에서 너무나도 차이나는 관식과 비교하며 자신은 시누이인 금명이 관식과 같은 아버지가 있다는 게 부럽다는 말을 하고 떠난다. 이후 은명이 돈봉투를 두고 행방불명되자 아버지에게 연락해 찾아주지 않으면 정말 죽어버릴거라 애원하여 결국 상길은 은명이 탄 원양어선을 회항시킨다.
이후 동생 정숙의 결혼식에 참석한 상길에게 집에 가도 혼자일테니 밥이라도 먹고 가라는 말과 함께 영란에게 철용이를 잡도록 도움을 준게 아버지인 거 같다고 말해준다. 그리고 자기가 댄스장을 다니던 엄마를 닮아 젊은 시절 나이트에서 새벽까지 놀다가 집에 몰래 돌아왔을 때 상길이 귀가가 늦는 자신이 걱정되서 잠도 자지 않고 기다렸다가 자는 척 했다는 사실 등을 말해주고 아버지가 쫄보라서 허세를 떨었던 거 같다며 상길이 패악스러웠지만 그래도 나름 아버지 노릇을 하려고 노력했음을 어느 정도 이해한 모습을 보여준다."
폭싹 속았수다,상길네 - 부오성,부오성,문유강,"상길의 2남 2녀 중 첫째 아들; 전처 슬하에서 태어난 자녀; 아버지인 상길이 봄에는 꽃놀이다 겨울에는 산이다 하며 자기 운동회 한 번 오지않고 이리저리 싸돌아칠 때 계모인 영란은 하루도 안 빼놓고 형제들에게 따뜻한 도시락을 싸주셨다며 잘 따르는데 만약 둘이 이혼해도 자신은 아버지 말고 엄마(영란)를 따라갈 거고 그나마 지금 엄마랑 살고 계신 분이라 아버지 대접해주는 거라고 일갈할 정도다. 남동생 이름은 한음으로 합치면 오성과 한음. 이복여동생 현숙과는 전형적인 현실남매이다. 선임하사처럼 생긴게 어디서 연애질이냐는 명대사를 남겼다. 현숙 방에 붙은 황신혜 사진을 가리키며 닮으려면 다시 태어나야한다고 하는 건 덤.
상술했듯이 아버지를 한심하게 생각하고 경멸하는 태도였지만 이후 상길이 자신의 불법도박을 무마하고 누명을 쓴 은명을 구명하기 위해 형사에게 뇌물을 주고 아부하며 세상에 노는 애비가 어디 있느냐며 선장, 계장, 애비 중 애비일이 가장 수지타산 안 맞는 일이라며 힘들어하는 모습을 보게 되고, 패악스럽고 늘 부족하기는 하지만 상길도 가족 모르게 나름대로 아버지 노릇을 하려 노력했다는 사실을 깨달아 측은한 눈빛으로 상길을 다시 보게 된다. 그리고 황혼이혼 후 혼자 지내는 상길에게 주기적으로 햇반을 보내주는 등 아버지 대접을 하며 챙겨준다."
폭싹 속았수다,상길네 - 고을남,고을남,허진,"1915년 11월 6일생; 부상길의 어머니, 박영란의 시어머니, 4남매의 할머니; 거동이 불편한지 휠체어에 앉아있다. 살 날이 얼마 안 남은 자신을 지극정성으로 수발한 며느리 박영란에게 귤밭을 물려주며 아들과 달리 개념이 있는 시어머니의 면모를 보였다."
폭싹 속았수다,그 외 인물 - 부산 사람들,금은방 주인,신미영,"애순과 관식이 패물들을 팔러 방문한 부산 금은방 주인. 둘이 가출청소년임을 간파하고 고깝게 보지만, 이후 여인숙 안주인이 애순과 관식의 패물을 훔쳐 팔려고 하자 장물임을 눈치채고 경찰에 신고해 체포에 공헌했으며 관식의 부탁대로 결혼반지를 만들어주어 진짜 부산 인심을 보여준다."
폭싹 속았수다,그 외 인물 - 부산 사람들,여인숙 안주인,강말금[특별출연],"애순과 관식이 부산으로 야반도주해서 투숙한 여인숙의 안주인. 하지만 실상은 손님들에게 독한 술을 대접하고 그들이 잠들면 몰래 짐가방을 털어먹는 사기꾼 절도범이었다. 애순과 관식의 패물 가방도 털어먹지만, 계옥이 찾아와 시위를 벌이자 분통 터져한다. 이후 사기죄로 잡혀들어간다. 경찰들 말로는 이미 전과 10범도 넘는 악질이라고."
폭싹 속았수다,그 외 인물 - 부산 사람들,여인숙 바깥주인,김영웅[특별출연],"애순과 관식이 부산으로 야반도주해서 투숙한 여인숙 주인 내외 중 남편. 아내가 신고당해 철창 신세가 되고, 계옥이 찾아와 들들 볶아대자 결국 패물 가방을 돌려준다."
폭싹 속았수다,그 외 인물 - 부산 사람들,혜숙,장서영,"여인숙 주인 부부의 딸; 옆에서 부모가 궤변을 늘어놓을 때마다 앵무새처럼 따라한다. 부모한테서 나쁜 것을 배우며 자라나는, 자식은 부모의 거울이라는 말을 그대로 보여주는 모습."
폭싹 속았수다,그 외 인물 - 부산 사람들,흰리본 아가씨 (제니네 가정부),김가희,"제니네 가정부; 2회에서 애순, 관식이 야반도주해서 머물었던 사기꾼 부부의 여인숙에 찾아온 또다른 손님. 패물 가방을 찾으러 잠입한 애순, 관식이 여인숙 주인 내외의 실체를 폭로하며 조심하라고 경고해줘서 짐가방을 무사히 지켰다. 이에 고맙다며 애순에게 두부를 사줬다."
폭싹 속았수다,그 외 인물 - 도동리 사람들,하르방,박병호,"도동리 만물센타 주인이자 관식·애순 사글셋방 집주인; 부상길 때문에 어촌에서의 일이 여의치 않아 가계 사정이 여의치 않았던 애순과 관식을 몰래 도와줬다. 근데 뭔가를 건네주며 베풀려고 하면 애순, 관식이 일찍이 불 끄는 것에 못마땅해 했다. 이후 어촌 계장 선거 때도 애순의 숨은 선거운동원으로서 선거를 도와주었다. 노구를 이끌고 금명의 결혼식까지 오히려 당연하다는 듯이 참석해 주었다."
폭싹 속았수다,그 외 인물 - 도동리 사람들,할망,송광자,"도동리 만물센타 여주인; 부상길 때문에 가계 사정이 곤란했던 애순과 관식을 몰래 도와주는데, 매일 밤 애순과 관식이 잠 들었을 때 쌀독에 쌀을 조금씩 부었다. 나중에는 부상길의 부친이 제주에서 창씨개명을 1등으로 했다는 사실을 까발렸다.(...) 이후 하르방과 함께 금명의 결혼식에 참석했다."
폭싹 속았수다,그 외 인물 - 도동리 사람들,미숙,이미도[특별출연],"부상길과 불륜 위기 시절 등에서 등장; 젊은 시절에는 댄스장에서 춤추다가 적발된 적이 있었고, 서울올림픽 전에는 복덕방을 운영하면서 성화봉송 길을 터줘야 한다는 이유로 시장 상인들을 내쫓으려는 행정당국의 앞잡이 노릇을 하기도 했다.중년 이후에는 수산시장에서 오징어를 손질하는 애순의 맞은편에서, 심지어 애순 & 관식 부부가 오징어 요리 식당을 차렸을 때는 아예 옆자리에 똑같이 오징어 요리 식당을 개업하며 지속적으로 시비를 건다. 하지만 그런 와중에 애순에게 은명의 원양어선 승선을 알려 도움을 주기도 했고, 애순의 말 속에서 종종 “미숙이년이 ... 했대“라는 식으로 등장하는 걸 보면, 티격태격하며 미운 정 고운 정이 오가는 이웃으로 자리잡은 듯. 참고로, 같은 배우가 젊은 시절부터 중년 이후까지 연기한데다, 배우의 나이도 젊은 애순 역의 아이유와 중년 애순 역의 문소리의 중간쯤이어서 극중 나이를 가늠하기 쉽지 않다. 단, 시장에서 장사할 때 애순과 서로 ‘너‘라고 호칭하며 반말로 대화하는 걸 보면 애순과 비슷한 나이일 것으로 추측된다."
폭싹 속았수다,그 외 인물 - 도동리 사람들,박철용,미상,"작중 언급으로만 등장한다. 미용사인 어머니가 있으며, 아버지는 공판장에서 열심히 일하고 있는 것으로 보인다. 양은명과 어릴 때부터 동고동락했지만 공부도 꼴찌에 사고뭉치에 문제아인 것도 모자라 도벽이 있어 애순과 관식은 늘 철용이를 멀리하라며 탐탁지 않아했다. 이후 은명과 전당포를 개업했으나 7천만원 짜리 분청사기를 들고 훔쳐 잠적한 건 물론, 본인 죄를 은명에게 뒤집어 씌우며 유치장 신세를 지게 만들었다. 그야말로 친구가 아니라 원수. 이후 분청사기가 잘 안 팔렸는지 중고나라에 판매글을 올리며 매각을 시도했지만 오히려 이 점이 경찰 수사망에 덜미를 잡혀 죗값을 치르게 된다."
폭싹 속았수다,그 외 인물 - 도동리 사람들,원복,진미사,"박철용의 어머니; '철용 미용실'을 운영하고 있으며, 아들 철용이가 사기를 쳐 은명이가 대신 유치장에 갇힌 일을 따지러 미용실을 찾아온 애순, 양임, 경자에게 뻔뻔하게도 자기 아들은 원래 착한데 친구 잘못 만나 피해를 봤다며 반성이 없는 태도를 보였다. 결국 참다 참다 극대노한 애순이 생애 처음으로 사람 머리끄덩이를 샅바 돌리듯(...) 휘어잡아 원복을 쓰러뜨린다. 이를 본 양임은 '광례 똘(딸) 맞네'라고 한다. 그리고 애순은 철용이가 자기 엄마한테 사준 최신식 TV와 금가락지까지 뜯어내서 돌아왔다(...)."
폭싹 속았수다,그 외 인물 - 도동리 사람들,박씨,정선철,관식과 안면 있는 오징어 잡이 어부.
폭싹 속았수다,그 외 인물 - 도동리 사람들,애순 담임,황재열,"오애순의 초등학교 담임. 37표를 얻은 오애순보다, 28표를 얻었지만 반 아이들에게 빵을 돌린 부잣집 아이 이만기를 급장(반장)으로 선출시킨다. 항의하는 애순에게는 ""사회에 나가면 9표보다 더 중요한 것이 많다""는 궤변을 늘어놓으며 묵살한다. 전형적인 그 시대 부패교사의 모습을 보여준다."
폭싹 속았수다,그 외 인물 - 도동리 사람들,이만기,김준,"오애순의 반 급장; 본관은 합천 이씨로 계급이 소장인 아버지, 어머니, 누나를 둔 부잣집, 군인 집안 출신으로 외모가 또래들 보다 통통하다. 가난하지만 씩씩하고 똑부러지는 애순과 달리 본인은 어리숙하고 능력이 미달하면서 가족 빽으로 크림빵을 돌려 담임은 물론 반 전체 환심을 사서 부급장에서 급장이 되어서 애순이 이를 담임 선생님께 따지게 한 원흉이다. 게다가 산수 시험 성적이 30점을 받았는데 부모님께 혼나는 게 무서웠는지 시험 성적 조작 시도하다가 애순이 쓴 가짜 백점인 만기를 디스하는 그림일기를 담임 선생님이 봐버리는 바람에 꾸지람을 듣는다."
폭싹 속았수다,그 외 인물 - 도동리 사람들,은명 담임,박재윤,양은명의 고등학교 담임; 선생님들 자동차 로고를 떼서 장사하는 학생은 은명이가 처음이라며 애순에게 분을 토로한다.[
폭싹 속았수다,그 외 인물 - 도동리 사람들,선장,전진오,"애순과 관식이 부산으로 야반도주할 때 탑승한 여객선 선장; 둘이 가출청소년임을 의심하고 시비조로 신분증을 요구하지만 애순이 ""우리는 부부라고요!""라며 소리치고 도망치자 어이없게 쳐다본다. 이후 관식이 가족들 때문에 애순만 놔두고 섬을 떠날 뻔했을 때도, 관식이 탄 배를 모는 선장으로 등장한다. 배를 돌리라며 울고불고 난리치는 관식을 보며 ""저것들은 왜 자꾸 내 배만 타는 거야?""라며 투덜거린다."
폭싹 속았수다,그 외 인물 - 도동리 사람들,박영범,이준영; 영어 더빙: 칼린 제임스,"금명의 첫사랑이자 남자친구; 서울대학교 법과대학 출신으로 입학식에서 금명을 만나 7년 간의 연애 끝에 결혼 하려 했으나, 어머니의 패악질에 질려버린 금명이 파혼을 선언하며 엇갈린다. 이후 1년간 재결합을 위해 노력했지만 서로를 위해 헤어져야 한다는 것을 받아들이고 금명과의 인연을 정리한다. 이후 좋은 집안의 다른 여자와 결혼했지만, 자신은 원하는 것을 한번도 갖지 못하는 삶을 살았고 결혼식 사진에서 어머니만 웃고 있다는 대사와 어머니인 부용이 며느리 눈치를 본다는 듯한 말을 하는 것을 보면 서로 사랑해서 하는 연애 결혼보단 선을 봐서 정략결혼한 것으로 보이고, 또한 처갓집에 잡혀서 사는 듯하다. 이러한 상황 때문인지 금명과의 파혼으로 생긴 마음의 앙금으로 어머니가 백발이 되도록 모자 간에 화해하지 못해 시청자들 사이에선 안타깝다는 의견이 많다.
하지만 부모님에 가려져서 그렇지, 영범에게도 문제가 많다는 의견도 있다. 군 휴가 도중 학과에서 친구들과 짜장면을 먹을 때 오예림이 금명의 험담을 하는데도 적극적으로 변호하지 않았고, 금명이가 자취하는 동네에 와서 우범지역이라 불안하다는 얘기만 늘어놓고 정작 금명이 귀갓길에는 관심조차 가지지 않았다. 그리고 상견례 자리를 비롯해, 부용이 신혼집까지 수시로 찾아와 금명이에게 무례를 저질러도 적극적으로 제지하거나 아내를 감싸지 못하고 가만히 있는 모습이 작중 최고의 순정남이자 무대포인 관식과 너무 비교되어서 더 소극적으로 보이는 것도 있다. 즉, 7년 동안 금명과 사귀었어도 구체적인 결혼 이후의 고부생활은 책임질 준비가 되어있지 않았다는 것. 하지만 결국 문제의 근본은 친어머니 부용이고, 현실적으로 가정환경이나 부모님의 성격은 본인이 어찌할 수 없는 요소이기 때문에 영범도 결국에는 한 명의 피해자이자, 여러 복합적인 요인 때문에 가장 현실적인 결말을 맞이한 입체적인 인물상이라고도 볼 수 있다.
이후 금명과 충섭의 결혼식날 몰래 찾아가 웨딩드레스를 곱게 차려입고 친구를 부르며 활짝 웃는 금명을 보고 저도 몰래 차 문을 열고 나가려 하다 멈칫한다. ""괜히 왔네""란 말을 끝으로 돌아선다. 이때 앞좌석에 금명에게 주려다가 차마 꺼내지 못한 꽃다발이 비춰지는 것이 참 애틋한 장면."
폭싹 속았수다,그 외 인물 - 금명 주변 인물,윤부용,강명주; 영어 더빙: 앨리스 딘,"영범의 어머니; 금명(아들)에 대한 집착이 매우 강하다. 자신의 눈에 차지 않는 금명을 늘 못마땅하게 여기고 있다. 어찌어찌 결혼까지 준비하게 되었으나, 계속 마음에 안 든다는 뉘앙스를 풍기며 애순과 관식이 보는 앞에서도 금명을 무시하며 비꼰다. 게다가 사돈인 애순에게도 함부로 꽃무늬 한복을 입지 말라며 모욕을 줬고, 둘만 있는 자리에서는 아예 며느리가 맘에 안 드니 합의하에 결혼을 무효로 하자며 애순이 눈물까지 흘리게 만들었다. 이후 분가 문제로 크게 폭발하여 영범이 보는 앞에서 금명을 몰아붙였고, 이 과정에서 애순과 관식에 대한 무례한 언사까지 쏟아내자 결국 금명이 파혼을 결심하게끔 한다. 금명과 파혼한 후 어찌어찌 본인의 눈에 차는 좋은 집안의 여자와 영범을 결혼시키는 데 성공하지만, 정작 아들과의 관계는 파탄나고 며느리에게도 그닥 대접받지 못하며 외롭고 쓸쓸한 말년을 보내는 인과응보를 치른다. 아들에게는 금명과 파혼시켜서 자기 인생을 망가뜨렸다고 죽도록 원망만 받고, 막상 자신의 명예욕과 아들에 대한 과시욕으로 들인 좋은 집안 출신의 며느리는 상상 이상의 슈퍼갑이라 금명 때처럼 갑질과 폭언을 하긴커녕 찍소리도 못하는 신세가 되었다. 이런 상황에서 금명이라는 굴러들어온 복을 찼단 사실을 인정하기가 싫은지, 금명이랑 결혼했으면 지금보다 더 불행해졌을 거라며 끝까지 현실부정을 한다. 그러나 이 말을 들은 영범은 본인의 결혼식에서 웃은 사람은 어머니 혼자뿐이고, 어차피 자기 인생은 망했지만 어머니 인생이라도 행복하면 됐다고 선을 긋는다. 그 말에 망연자실한 표정을 지으면서 극에서 퇴장한다."
폭싹 속았수다,그 외 인물 - 금명 주변 인물,박금명,이규회,"영범의 아버지; 양금명과 동명이인이다. 입학식 날 애순과 관식이 ""금명아!""하고 부르는 소리에 우연찮게도 옆에서 사진을 찍던 영범네 가족 중 부용이 그쪽도 금명이냐며 신기해했다. 애순은 그쪽도 아들 이름이 금명이냐고 물었지만, 이 양반이 ""내가 금명이요. 박금명""이라 대답한다(...). 이때의 만남을 계기로 영범은 금명에게 첫눈에 반하게 된다. 아내인 부용에게 어느 정도 묻혀서 그렇지, 이쪽도 금명이네 집안에 많은 무례를 저질렀다. 상견례를 할 때, 아내한테는 이제 살림 해방이라고 말하거나, 금명이에게 숭늉을 뜨라고 시키는 등 예비 며느리를 사실상 시녀 취급하면서 은근히 사돈 집안을 깔본다. 그리고 상견례 자리에서 본인 마누라가 예비 사돈 부부를 무시하는 발언을 하는 와중에도 시종일관 쩝쩝거리는 소리를 내며 음식을 먹기만 한다. 제주도에서 온 예비 사돈 부부보다 1시간 이상 지각한 것도, 남의 집 귀한 딸 금명이를 사실상 식모 취급하는 것도 모두 예의를 밥말아 먹은 행위.
영범이 지금의 아내와 결혼할 때의 결혼식 사진에도 등장하는데 부용의 마음에 들 정도로 있는 집안과 연결되었다 보니 그저 해맑은 부용과는 달리 상당히 긴장된 듯 딱딱한 얼굴로 찍혔다. 부용은 영범의 아내에 눈치를 보면서 본인이 생각한 것과는 전혀 다른 나날을 보내는 게 묘사되지만 이 사람에 대해서는 이 사진을 마지막으로 극에서 완전히 사라진다."
폭싹 속았수다,그 외 인물 - 금명 주변 인물,오예림,표영서,"금명의 대학 동기; 자신에게 틱틱대는 금명을 두고 뒷담화하는 다른 동기를 향해 겉으로는 금명을 감싸주는 척하지만 실상은 금명을 깎아내리며 금명에 대한 열등감을 보여준다. 이후 영범과 결혼한 것이 이 처자가 아니냐는 추측이 있었지만, 드라마 마지막까지 등장하지 않았고 영범의 결혼사진에 있던 신부의 얼굴도 예림과는 완전히 다르기에, 사실이 아닌 것으로 보인다. 금명의 대학시절 4인방 중 금명의 결혼식에 유일하게 불참했다."
폭싹 속았수다,그 외 인물 - 금명 주변 인물,민선,김수연,"금명의 대학 동기; 금명을 깎아내리는 오예림을 향해 성적과 키 모두 금명이 더 높고, 일본 유학도 금명이가 양보 안 했으면 너는 못 갔을 거라며 일침을 했지만 어차피 인생은 총점주의라며 정신승리를 하는 오예림을 향해 ""너 참 품위있다""며 말을 만다. 금명이 영범과 파혼을 한 후에도 집으로 찾아와 챙겨주는 등, 금명과는 절친한 사이."
폭싹 속았수다,그 외 인물 - 금명 주변 인물,주경,김계림,"금명의 대학 동기; 예림, 민선과 함께 금명의 대학 생활 동안 함께 어울리는 동기이지만, 묘하게도 금명을 못마땅해하거나 뒷담화를 하는 모습이 자주 포착된다. 하지만, 금명의 결혼식에 민선과 함께 참석해 찍사 노릇을 하는 것으로 보아 대학 졸업 이후에도 지속적으로 금명, 민선과 친구 관계를 유지한 듯하다."
폭싹 속았수다,그 외 인물 - 금명 주변 인물,제니네 가정부,남권아,"8회에서 금명이 과외하는 학생 엄마에게 다이아 반지 도둑으로 누명씌어 경찰서에 잡혔을 때 기지를 발휘해 풀려나게 도와줬다. 미향은 접대부 시절 때의 인연으로 인해 차마 가정부를 내치지는 못하고, 같이 술을 마시며 왜 도와줬냐고 따지는데, 가정부는 회상에 잠긴 듯한 얼굴로 금명이 누군가를 쏙 빼닮았다 말한다.
이후 드러난 사실로, 가정부가 젊은 시절 부산의 여관에 투숙하고 있을 때 주인 부부가 사기꾼이니 도망가라고 알려줬던 것이 바로 야반도주했던(...) 관식과 애순이었다. 둘 덕분에 가정부는 어머니의 유산을 지킬 수 있었고, 이후 둘에게 두부를 사주었다. 몇십 년의 세월이 지났지만 그때 일을 잊지 않고, 애순과 쏙 닮은 금명을 보며 둘이 모녀지간임을 눈치채고 도와준 것이다."
폭싹 속았수다,그 외 인물 - 금명 주변 인물,오제니,김수안[특별출연],"금명의 과외 학생; 1969년 8월 7일생, 별명은 오재미. 영어 이름을 쓰지만 정작 수요일도 영어로 못 쓸 정도로(...) 머리가 나쁘다. 전형적인 공부보다 춤추고 노래하고 노는 걸 좋아하는 여고생. 가수 김승진을 좋아하는지 방안이 김승진 사진으로 도배되어있다. 금명이도 이런 제니의 성향을 잘 알아서 어머니인 미향에게 대리 수능으로 좋은 대학 보내주기보다, 잘할 수 있는 걸로 먹고 살게 해달라고 충고했을 정도다."
폭싹 속았수다,그 외 인물 - 금명 주변 인물,김미향,김금순; 영어 더빙: 알렉산드라 천,"제니의 엄마; 과거 접대부 출신의 졸부. 금명에게 서울 아파트를 사줄테니 제니를 대신하여 대학입학 학력고사에 응시해줄 것을 요청한다. 그러나 이를 거절한 금명에게 보복 겸 대리 시험 청탁이 누설되는 걸 막기 위해 반지 도둑으로 몰아간다. 하지만 다이아반지를 인질로 삼은 가정부의 협박으로 금명에게 씌운 도둑 누명은 벗겨주었다. 하지만 잘할 수 있는 걸로 먹고 살게 해달라는 금명과 덕 쌓고 살으라는 가정부의 충고를 깊이 새겨듣지 않았는지 이후 기어이 사람을 구하여 제니의 대리시험을 치르지만 결국 적발되어 신문 1면에 실리게 된다. 단물 빠지면 버림받는 거라며 딸에게 가르치더니, 아니나 다를까 범행이 적발되자 제니는 엄마가 다 시켰다고 증언한다. 본인 가르침대로 단물만 빼고 버려진 셈."
폭싹 속았수다,그 외 인물 - 금명 주변 인물,제니네 운전사,김재영[특별출연],"제니네 집 운전사; 늘 선글라스를 끼고 정장을 입고 다닌다. 제니의 과외 선생인 금명을 태우기 위해 캠퍼스에 차를 몰고 오는데, 금명이는 다른 친구들(특히 오예림)의 질투심을 유발하기 위해 뒷좌석이 아닌 앞좌석에 탄다. 운전사가 자기를 에스코트하러 온 남친인 척 속이는 것(...). 운전사의 훤칠한 모습을 본 예림과 주경은 대학생 호스티스 아니냐는 뒷담을 까면서도 내심 부러워한다. 이후 금명에게 왜 자꾸 앞자리에 앉으시냐며 떨떠름해한다."
폭싹 속았수다,그 외 인물 - 금명 주변 인물,송영삼,전배수,"금명이가 일본 유학 후 머무는 하숙집 주인; 공장을 운영하는 것으로 보이며 슬하에 딸 송부선, 어린 아들을 두었다. 금명이가 하숙생으로 들어왔을 때 문고리를 고쳐달라는 요구를 애둘러 거절했고, 금명이가 딸 같다며 남자친구 들일 시 퇴거 조치를 내리겠다며 경고했다. 그리고 금명의 하숙방에 박충섭이 옷장에 막힌 문을 비집고 들어왔을 때, 충섭의 연인이었던 부선의 애걸복걸한 부탁으로 금명이가 옷장에 충섭을 숨겨주려던 찰나 기가 막힌 타이밍에 도착하여 충섭을 찾아낸다. 그러다 자기 집 하숙방에 연탄가스가 새는 걸 모르고, 하숙방 문을 부순 애순에게 뭐하냐고 따지려던 찰나 연탄가스 냄새를 맡고 서둘러 대피한다. 이후 자신의 딸과 사귀던 충섭이 금명을 업고 병원에 데려다 준 일로 얽혀 결혼까지 하게 되면서, 결국 딸 부선은 필동국시 가문으로 시집을 가게 된다."
폭싹 속았수다,그 외 인물 - 금명 주변 인물,송부선,정이서,"하숙집 딸, 박충섭의 애인; 최종학력은 농고 중퇴. 부모의 반대도 반대지만 데이트를 할 때도 수입이 일정하지 못한 충섭의 지갑 사정을 늘 생각해야 하는 생활에 질려 여러번 다투었다. 급기야 깐느 극장에서도 충섭을 찾아와 쏘아붙이던 중 충섭이 금명을 극장 매표원 아르바이트에 꽂아준 것을 알고 둘 사이를 오해하고 질투로 인한 분풀이로 금명의 신발을 수시로 발로 찬다(...). 그러던 중 필동국시 아들과 선을 봤는데, 누가 봐도 가면 되는 혼처 자리지만 충섭이 눈에 밟혀 가지 못한다. 충섭의 군 입대 이후 결국 헤어지고 필동국시 집 아들과 결혼한다. 이후 필동국시 TV 광고에 나오는 부선을 보며 금명이 충섭을 놀리고 충섭은 자기 과거가 왜 너의 웃음거리가 되야 하냐며 너스레를 떤다. 주로 나타샤로 불리는데 이는 연인이었던 충섭이 가진 백석의 시집 속 책갈피에 꽂힌 작품 중 하나인 나와 나타샤와 흰 당나귀 속 나타샤에서 따온 것이다. 책갈피에도 해당 시의 첫 구절이 써 있었다. 금명은 부선 때문에 힘들어하는 충섭을 위로한답시고, 부선이 화장을 지우면 사실 나타샤가 아니라 당나귀라고 깐다."
폭싹 속았수다,그 외 인물 - 금명 주변 인물,송영삼 아들,유도윤,"하숙집 아들, 송부선의 남동생; 누나와 나이 터울이 제법 큰 편이다. 티비로 애니메이션을 보며 아버지의 말을 앵무새마냥 따라한다. 금명이는 이 녀석이 혹여나 하숙방에 들어올까 봐 노심초사했지만 정작 본인은 티비 속 만화영화에 정신이 팔려 있었다."
폭싹 속았수다,그 외 인물 - 금명 주변 인물,박충섭,김선호[특별출현],"화가; 수염과 머리가 덥수룩한 외모이며 신림에 위치한 깐느극장에서 간판화가로 근근히 먹고살지만 사람들이 원하는 도색적인 포스터가 아니라 예술감각(?)을 담았단 이유로 사장에게 구박을 당하기 일쑤다.  9회에서 금명이 일본 유학을 마치고 머무는 하숙집에서 애인 부선과 장래 문제로 말다툼을 하는 것으로 등장한다. 부선은 예술가를 때려치우고 임용고시라도 봐서 미술교사의 길을 걷길 원하지만, 예술가로서 자긍심이 있는 충섭은 거부한 것. 이 와중에 자신이 왔다는 걸 송부선의 부모에게 들키지 않기 위해 급하게 금명의 장롱 속에 숨는다. 결국 들키지만 이것을 계기로 금명이 아르바이트 자리를 구한다는 것을 알게 되자 깐느 극장 매표원으로 알선을 해준다.
그러던 중 자신의 그림을 보려고 깐느극장을 찾은 어머니에게 금명이 친절하게 대한 것을 계기로 금명과 가까워지고, 연탄가스 중독으로 하숙집에서 정신을 잃은 금명을 업고 병원으로 데려다주고 약도 챙겨주면서 애순에게 좋은 인상을 남긴다. 그러던 중 군 문제로 극장화가 일을 그만두게 되고, 금명은 극장에서 충섭이 자신을 그린 그림을 발견하면서, 충섭이 자신을 좋아했음을 알게 된다. 12회에서 제대한 뒤 밤 거리를 걷던 중 우연히 버스를 타고 가던 금명과 스친다. 극 전반에 출연하지 못해 이름값 있는 배우의 관행처럼 특별 출연으로 표기하였지만, 극 후반부의 주요 인물이 된다는 점에서 사실상 조연~주연 사이의 역할이다.
군 제대 후 부스스한 이미지에서 멀끔한 외모로 바뀌었고 미술학원 강사로 일하고 있었으며, 매일같이 깐느 극장에 금명이를 보러 찾아왔다. 금명이가 탄 버스를 또다시 놓쳐서 인연이 끊어지나 싶었지만... 포기하지 않고 끝까지 달려가 끝끝내 버스에 올라타고, 금명이와 재회해서 사귀고 결혼까지 골인하게 된다. 결혼 전 금명이가 방어 먹으러 가자며 제주도로 데려가 관식의 배를 타게 되지만 배멀미에 약해서 제대로 서 있지도 못한다. 금명이 오빠라고 부르는 걸 보아 1966년생으로 보인다. 게다가 술도 약해서 관식에게 애교스런 말투로 아버님이라 부르는 주정을 부리기도 했다. 관식도 당연히 금명의 첫 연인 영범에게 그랬듯 마찬가지로 충섭을 못마땅하게 쳐다보고 흔들리는 배 위에서 차렷을 갈구는 등 군기를 잡지만, 충섭이 금명이가 화장실 갈 때마다 따라가서 걱정해 주고, 추운 날씨에 코트를 입혀주는 등 세심한 모습을 보여주자 내심 마음에 들었는지 결혼을 허락한다. 그리고 1998년 8월 결혼식날 금명이가 관식 손 잡고 울며 등장하자 당황하며 달려가며 달래주다가 덩달아 울고 있는 관식을 마주한다. 이후 금명이 임신하고 병원에서 난산으로 고생하는 걸 지켜보다 혹시라도 위험한 상황이 발생하면 어떻게 하겠냐는 간호사의 말에 주저 없이 아이보다 산모를 먼저 구해달라는 대답을 하였고, 애순, 관식에게 휴대폰으로 전화를 걸어 우는 목소리로 심각한 상황이니 병원으로 와 달라고 부탁했다. 딸 박새봄이 3.6kg 우량아라서 난산+임신성 당뇨로 고생하는 금명의 곁을 지켰다. ""둘째는 없어""라면서 우는 모습이 영락없는 팔불출 남편이다.[211] 부모의 건강검진을 위해 같이 모은 돈을 써도 되냐는 금명의 말에 그런 건 굳이 묻지 않아도 되며 당신은 결정만 하면 된다면서 아내에 대한 무한한 신뢰를 보인다. 금명의 휴대폰에는 영화 시네마 천국 속 주인공 토토에서 따온 '박토토'로 저장 되어있다."
폭싹 속았수다,그 외 인물 - 금명 주변 인물,분희,이지현,"박충섭의 어머니로 대학가에서 복사전문점을 운영하고 있다; 처음에는 암표상으로 오해받아 깐느 극장 대표가 윽박지르며 내쫓겼다. 아들이 그린 영화 간판을 보기 위해 영화가 걸리는 날이면 매번 깐느극장에 오는 게 낙이었는데, 이를 알게 된 금명이 깐느극장 사장과 합심해 간판만 보지 말고 영화도 보시라며 표를 무료로 나눠드렸다. 영화를 본 후 금명에게 사례의 표시로 학생들이 복사해놓고 찾아가지 않은 영어 교과서들을 졸업 때까지 무료로 주겠다며 선물로 준 후 아들에게 이 책들을 운반하는 짐꾼 역할(...)을 맡긴다. 아무튼 이 일로 인해 충섭과 금명은 한 발짝 더 가까워지게 된다. 그리고 아들 충섭이 제주도로 가면서 사돈이 될 애순에게 곶감 보따리와 금명을 높여주는 내용의 편지를 건네어 주었다. 이를 본 애순은 이에 보답하듯 한라산 야생꿀 보따리를 싸며 흡족해하는 표정을 짓게 하는, 그야말로 영범 부모의 완벽한 안티테제이다. 이후 아들이 금명과 결혼해 시어머니가 되었다. 결혼식장에서 애순으로부터 귤 선물을 많이 받는다고 할 정도로 서로 우호적인 사돈지간이 되었다."
폭싹 속았수다,그 외 인물 - 금명 주변 인물,김해봉,김해곤,"영화관 깐느 극장 대표; 간판화가 충섭이 대중들이 원하는 도색적인 포스터를 그리지 않은 것에 대해 ""왜 자꾸 남의 돈 가지고 예술을 하려 그러냐""며 화를 내는 것으로 등장. 말투는 다소 거칠지만 직원들을 아끼는 마음도 깊은 사람이다. 충섭의 어머니가 아들이 그린 영화 간판을 보러 극장에 오는 것을 알고 금명과 합심해 직원 복지 명목으로 영화 표를 몇장 드리며 ""박 화백 없으면 저희 극장 망해요""라고 그를 칭찬하기도 한다. 금명이 ""사장님 서울사람 아니죠?""라고 물어봐도 특별히 부정하지는 않는다. IMF 여파로 깐느극장의 문을 닫게 되는데, 그 와중에 충섭이 금명과 만날 수 있게 일부러 영화관에서 같은 자리를 배정해주는가 하면, 끝내 금명을 만나지 못한 충섭에게 금명이 멀지 않은 곳에 있음을 가르쳐줘서 둘이 재회할 수 있도록 도와줬다. 이후 그들의 결혼식때도 신랑측 하객으로 참석하여 신부인 금명의 입장을 보며 눈시울을 붉히고 박수치는 모습으로 등장한다."
폭싹 속았수다,그 외 인물 - 금명 주변 인물,교수,김국희[특별출연],"서울대 영문과 교수; 금명이 국비 장학생 조건은 안 되니, 대신 자신의 사비를 써서 일본 유학을 보내주겠다는 제안을 했지만 금명이 한사코 거절했다. 예림이는 좀 재수가 없다며, 금명이가 뻔뻔하게라도 돈을 받고 유학을 갔으면 좋겠다고 말하지만, 금명이는 결국 거절하고 애순이 집을 팔아 마련한 돈으로 유학을 간다. 창가 접시에 새들이 먹을 수 있도록 사과 조각을 놓아두는 버릇이 있다."
폭싹 속았수다,그 외 인물 - 기타,이혜란 아빠,강정우[유],3회 유채밭 인터뷰 부부 중 아버지 역할.
폭싹 속았수다,그 외 인물 - 기타,이혜란 엄마,한보라[유],3회 유채밭 인터뷰 부부 중 어머니 역할.
폭싹 속았수다,그 외 인물 - 기타,이혜란,한서희 (아역) / 염혜란 (성인),"3회 유채밭에서 애순의 반지를 찾은 아이;  직접적인 언급은 없지만, 여러모로 애순의 엄마인 광례의 환생으로 은근하게 묘사되는 인물이다. 어릴 적 엄마를 따라 수산시장에 갔다가 엄마가 애순에게 오징어 손질을 맡기도록 이끌고, 성인이 되어서는 애순의 시집을 출판한 출판사 '바당꽃'의 편집장이 되는데, 애순의 원고를 처음 보고 이유 모를 눈물을 흘리며 ""장하다""라고 말한다. 애순 시집의 띠지 문구를 직접 남겼는데, 이를 반말로 바꿔보면 광례가 애순에게 하는 말만 같아서 묘하다. 노년의 애순이 바다에서 엄마가 만약 다시 태어난다면 이렇게 살았으면 좋겠다고 묘사하는데 그대로 살고 있다. 먹고 살기 위해 물질을 했던 광례의 모습과 달리 책상 사진 속 취미로 하는 듯 즐거워보이는 스쿠버다이빙 복장도 연결고리. 국제 결혼을 했는지 단순한 예명인지 해외 유학을 가서 시민권을 취득했는지 알 수 없지만 출판사 편집장으로서의 활동명은 영어 이름인 '클로이 H. 리'로 나온다."
폭싹 속았수다,그 외 인물 - 기타,현자,이지현,"10화 등장; 애순에게 다리가 아프니 돈을 대신 바꿔 달라는 걸 핑계로 배추장사 트럭 기사로 위장한 공범에게 납치당하도록 유도하여, 앵벌이로 팔려 시도했다. 하지만 광례의 좌판 앞에서 그녀가 한 말을 들은 광례가 바로 손목과 머리채를 잡으며 내 딸을 앵벌이에 팔아먹으려던 거냐며 트럭기사와 함께 참교육해버린다. 이후 한무가 언급하기로는 광례가 얼추 쳐 죽이고 경찰에게 넘겼는데, 범인들의 죄질이 나쁘기도 하고 당시 국가의 체제가 잡히기 전이다보니 순경도 사적 제재에 대해 별 말 없이 넘어갔다고."
폭싹 속았수다,그 외 인물 - 기타,공범,조경현,"현자와 함께 유괴를 벌이려 한 공범; 왼팔에 금팔찌를 차고 있다. 배추 팔이 트럭기사로 위장 후 차 문을 열고 애순을 납치하려던 찰나 광례가 나타나자 바로 도망친다. 이후 광례가 현자의 옆으로 다가와 공범이 차고 있던 금팔찌를 알아보고, 현자와의 대화를 들으며 두 사람이 애순을 납치하려 했음을 짐작하고 분노하여 현자를 참교육하는데, 이를 막으려다 되려 같이 참교육을 당하고 경찰에 넘겨진다."
폭싹 속았수다,그 외 인물 - 기타,정미인,김성령[특별출연],"1948년생; 잘나가는 배우였지만 각종 스캔들로 밑바닥까지 추락하여 삶의 희망을 잃고 1987년 바다에 투신자살을 시도했다가 관식에게 구조되었다. 이후 1993년 어부의 아내 배역으로 여우조연상까지 받을 정도로 재기에 성공하게 된다. 구명의 은인인 관식에게 보은하기 위해 해산물을 안 먹는데도 스타의 소울푸드라는 방송에서 관식의 식당을 찾아가 오징어국을 먹고 본인이 꺼리는 유행어도 할 정도로 홍보해준다. 관식의 식당에서 PD가 유행어 한 번 해달라고 부탁하자 ""국 사세요!""라고 하는데 이는 1998-1999년에 방영되었던 MBC 수목드라마 육남매에서 어머니 역을 연기했던 배우 장미희의 명대사 ""똑(떡)! 사세요! 똑(떡)이에요!""의 오마주로 보이며 작중에서도 등장인물이 해당 장면을 시청하는 모습이 나오는 것을 보면 당대 인기 여배우라는 캐릭터를 만들면서 장미희를 모티브로 한 것으로 보인다. 사실 이름 자제도 장미희가 속해 있었던 2세대 여배우 신트로이카(정윤희, 장미희, 유지인)에서 한 글자씩 따온 것으로 보인다."
폭싹 속았수다,그 외 인물 - 기타,정미인 매니저,현봉식[특별출연],정미인의 매니저; 집에 달러로 돈 보내야 한다는 언급을 보아 기러기 아빠로 보인다.
폭싹 속았수다,그 외 인물 - 기타,정공례,백수련,노년의 애순이 일하는 요양원에 입주 중인 할머니; 까막눈이어서 평생 외식을 해도 메뉴를 고르지 못하다가 (정황상)애순의 도움으로 한글을 익히면서 생전 처음 스스로 고른 특초밥을 먹은 일을 시짓기 시간에 쓰면서 애순을 선생님이라고 부르며 고마워한다.
폭싹 속았수다,그 외 인물 - 기타,극장관객,황미영,깐느극장의 폐업 상영에 찾아갔던 금명의 옆자리에 앉았던 관객; 원래는 사장이 충섭을 위해 일부러 빼놓은 자리였으나 무료상영이라 배정된 좌석과 다르게 앉는 바람에 충섭이 금명을 인지하지 못하는 상황을 만들었다.
폭싹 속았수다,그 외 인물 - 기타,응급실 의사,이봉련,연탄가스에 중독된 금명이가 입원한 응급실의 의사; 금명과 영범의 애정타령을 못마땅하게 바라본 것을 보면 히스테리가 있는 듯하다. 충섭을 금명의 보호자라고 불러서 영범의 오해를 샀다.
폭싹 속았수다,그 외 인물 - 기타,분만실 의사,이선,"금명이가 출산하는 산부인과 의사; 얼굴이 보이지 않았으나 크레딧 이름으로 확인, 유튜브 댓글에 뽀로로 목소리의 성우라는 댓글로 미루어 짐작컨데 거의 확신. 뽀로로의 귀여운 목소리는 온데간데 없고 침착한 산부인과 의사를 소화했다."
폭싹 속았수다,그 외 인물 - 기타,분만실 수간호사,백선우,금명이가 12시간째 진통을 호소하지만 상태가 더디다며 무통주사를 놔주지 않는다. 충섭에게 산모와 아이중 누굴 선택할지 물어보고 동의서를 작성하라고 한다. 금명이 출산 중 아이의 어깨가 걸리자 끝까지 힘을 주게 유도하며 00년대의 분만풍경을 보여준다.
폭싹 속았수다,그 외 인물 - 기타,요양원 어르신들,,"여러 배우(권영국, 권영철, 윤이남, 조희자, 김춘심, 박분례, 오영순, 임명희, 최영숙, 정영순) 출연. 애순이 일하는 요양원 어르신들."
폭싹 속았수다,특별출연,특별출연 인물 목록,다수,"엔딩 크레딧 기준 출연 회차 정리; [특별출연]로 기재된 인물들: 오정세, 엄지원, 강말금, 김영웅, 이미도, 김국희, 김선호, 이봉련, 김성령, 현봉식, 김강훈 등 회차별 출연 정보 참고."